<opt>
  <general app_version="0.87.2Rev.1071" as_help_active="1" asel_h="0" asel_w="0" asel_x="0" asel_y="0" ask_on_delete="" ask_on_fs_delete="" autofs="" autofs_min="" autofs_not="" autohide="1" autohide_time="400" autoshape_active="" border="1" bordereffect="2" bordereffect_active="" bordereffect_col="#000000" capture_key="Print" capture_sel_key="&lt;Alt&gt;Print" close_at_close="1" current_monitor_active="" cursor="1" delay="0" delete_on_close="" filename="_" filetype="2" fname_autocopy="" folder="_" ftp_mode="0" ftp_password="" ftp_uri="ftp://host:port/path" ftp_username="" ftp_wurl="http://example.com/screenshots" im_colors="2" im_colors_active="" image_autocopy="" keybinding="" keybinding_mode="1" keybinding_sel="" last_profile="0" last_profile_name="checkbox" menu_delay="10" menu_waround="1" no_autocopy="1" notify_after="1" notify_agent="1" notify_ptimeout="1" notify_timeout="1" present_after="1" prog="Built-in Editor" prog_active="" quality="9" save_ask="" save_auto="1" save_no="" selection_tool="1" session_asc="" session_asc_combo="1" session_desc="1" session_desc_combo="1" thumbnail="50" thumbnail_active="" trans_backg="1" trans_check="" trans_custom="" trans_custom_col="#000000" visible_windows="" web_timeout="30" web_width="2" winresize_active="" winresize_h="500" winresize_w="500" zoom_active="1" />
  <gui btoolbar_active="" />
  <plugins name="/usr/share/shutter/resources/system/plugins/perl/sp3dreflection" binary="/usr/share/shutter/resources/system/plugins/perl/sp3dreflection/sp3dreflection" category="Effect" lang="perl" name_plugin="3D reflection" tooltip="Adds a fading reflection below an image and views it in perspective&lt;![CDATA[&lt;br&gt;]]&gt;&lt;![CDATA[&lt;br&gt;]]&gt;Based on a script by Fred Weinhaus&lt;![CDATA[&lt;br&gt;]]&gt;&lt;![CDATA[&lt;br&gt;]]&gt;http://www.fmwconcepts.com/imagemagick/3Dreflection/index.php" />
  <plugins name="/usr/share/shutter/resources/system/plugins/perl/sp3drotate" binary="/usr/share/shutter/resources/system/plugins/perl/sp3drotate/sp3drotate" category="Effect" lang="perl" name_plugin="3D rotate" tooltip="Applies a perspective distortion to an image&lt;![CDATA[&lt;br&gt;]]&gt;&lt;![CDATA[&lt;br&gt;]]&gt;Based on a script by Fred Weinhaus&lt;![CDATA[&lt;br&gt;]]&gt;&lt;![CDATA[&lt;br&gt;]]&gt;http://www.fmwconcepts.com/imagemagick/3Drotate/index.php" />
  <plugins name="/usr/share/shutter/resources/system/plugins/perl/spbardistortion" binary="/usr/share/shutter/resources/system/plugins/perl/spbardistortion/spbardistortion" category="Effect" lang="perl" name_plugin="Barrel Distortion" tooltip="Apply a distortion effect to your screenshot" />
  <plugins name="/usr/share/shutter/resources/system/plugins/perl/spbordereffects" binary="/usr/share/shutter/resources/system/plugins/perl/spbordereffects/spbordereffects" category="Effect" lang="perl" name_plugin="Bordereffects" tooltip="Create various dispersion-like effects in the border of an image&lt;![CDATA[&lt;br&gt;]]&gt;&lt;![CDATA[&lt;br&gt;]]&gt;Based on a script by Fred Weinhaus&lt;![CDATA[&lt;br&gt;]]&gt;&lt;![CDATA[&lt;br&gt;]]&gt;http://www.fmwconcepts.com/imagemagick/bordereffects/index.php" />
  <plugins name="/usr/share/shutter/resources/system/plugins/perl/spnegate" binary="/usr/share/shutter/resources/system/plugins/perl/spnegate/spnegate" category="Effect" lang="perl" name_plugin="Negate" tooltip="Invert the colours of the image" />
  <plugins name="/usr/share/shutter/resources/system/plugins/perl/sppolaroid" binary="/usr/share/shutter/resources/system/plugins/perl/sppolaroid/sppolaroid" category="Effect" lang="perl" name_plugin="Polaroid" tooltip="Make your screenshot look like a polaroid photo, add a caption, and even rotate it a little" />
  <plugins name="/usr/share/shutter/resources/system/plugins/perl/spresize" binary="/usr/share/shutter/resources/system/plugins/perl/spresize/spresize" category="Tool" lang="perl" name_plugin="Resize" tooltip="Resize your screenshot" />
  <plugins name="/usr/share/shutter/resources/system/plugins/perl/spsepia" binary="/usr/share/shutter/resources/system/plugins/perl/spsepia/spsepia" category="Effect" lang="perl" name_plugin="Sepia" tooltip="Add sepia colour toning to the image" />
  <plugins name="/usr/share/shutter/resources/system/plugins/perl/spshadow" binary="/usr/share/shutter/resources/system/plugins/perl/spshadow/spshadow" category="Effect" lang="perl" name_plugin="Hard Shadow" tooltip="Add a shadow to the image on a transparent background" />
  <plugins name="/usr/share/shutter/resources/system/plugins/perl/spwatermark" binary="/usr/share/shutter/resources/system/plugins/perl/spwatermark/spwatermark" category="Effect" lang="perl" name_plugin="Watermark" tooltip="Add a custom text watermark to your screenshot" />
  <plugins name="/usr/share/shutter/resources/system/plugins/shell/spaddlogo" binary="/usr/share/shutter/resources/system/plugins/shell/spaddlogo/spaddlogo" category="Effect" lang="shell" name_plugin="Shutter Branding" tooltip="Turn the image into a polaroid one with the Shutter logo and a subtitle added" />
  <plugins name="/usr/share/shutter/resources/system/plugins/shell/spgrayscale" binary="/usr/share/shutter/resources/system/plugins/shell/spgrayscale/spgrayscale" category="Effect" lang="shell" name_plugin="Greyscale" tooltip="Turn the image into a grayscale image (256 shades)" />
  <plugins name="/usr/share/shutter/resources/system/plugins/shell/spjigsaw1" binary="/usr/share/shutter/resources/system/plugins/shell/spjigsaw1/spjigsaw1" category="Effect" lang="shell" name_plugin="Jigsaw Piece 1" tooltip="Cut out a jigsaw piece at the bottom right corner" />
  <plugins name="/usr/share/shutter/resources/system/plugins/shell/spjigsaw2" binary="/usr/share/shutter/resources/system/plugins/shell/spjigsaw2/spjigsaw2" category="Effect" lang="shell" name_plugin="Jigsaw Piece 2" tooltip="Cut a jigsaw piece out of the image" />
  <plugins name="/usr/share/shutter/resources/system/plugins/shell/spoffset" binary="/usr/share/shutter/resources/system/plugins/shell/spoffset/spoffset" category="Effect" lang="shell" name_plugin="Offset" tooltip="Give the picture an offset with itself as background" />
  <plugins name="/usr/share/shutter/resources/system/plugins/shell/spraise" binary="/usr/share/shutter/resources/system/plugins/shell/spraise/spraise" category="Effect" lang="shell" name_plugin="Raise Border" tooltip="Raise a rectangular 3d-border" />
  <plugins name="/usr/share/shutter/resources/system/plugins/shell/spsoftedges" binary="/usr/share/shutter/resources/system/plugins/shell/spsoftedges/spsoftedges" category="Effect" lang="shell" name_plugin="Soft Edges" tooltip="Add soft edges around the image" />
  <plugins name="/usr/share/shutter/resources/system/plugins/shell/spsunk" binary="/usr/share/shutter/resources/system/plugins/shell/spsunk/spsunk" category="Effect" lang="shell" name_plugin="Sunk Border" tooltip="Add an inverted 3d border to the image" />
  <plugins name="/usr/share/shutter/resources/system/plugins/shell/sptornedpaper" binary="/usr/share/shutter/resources/system/plugins/shell/sptornedpaper/sptornedpaper" category="Effect" lang="shell" name_plugin="Torned Paper" tooltip="Add a torn-like border to the image" />
  <plugins name="/usr/share/shutter/resources/system/plugins/shell/sptrim" binary="/usr/share/shutter/resources/system/plugins/shell/sptrim/sptrim" category="Tool" lang="shell" name_plugin="Autocrop" tooltip="Remove empty borders from the image" />
  <recent ruu_hosting="0" ruu_places="0" ruu_tab="0" ruu_u1="0" />
</opt>
